{"id":"1141056b-c5e5-4508-afff-851d0d8fa693","userId":0,"title":"Central Idea","dates":{"created":1473998719813,"modified":1473998724022},"mindmap":{"root":{"id":"41086da9-1aa3-488f-b8e1-b6a6c2ffd085","parentId":null,"text":{"caption":"Central Idea","font":{"style":"normal","weight":"bold","decoration":"none","size":20,"color":"#000000"}},"offset":{"x":0,"y":0},"foldChildren":false,"branchColor":"#000000","children":[]}},"dimensions":{"x":4000,"y":2000},"autosave":false,"canDelete":false,"canRestore":false}