{"id":"45042fca-4ee4-48fd-b6a6-c21ac12a1fb4","userId":0,"title":"Central Idea","dates":{"created":1473998727685,"modified":1473998730777},"mindmap":{"root":{"id":"ac516c7b-cacc-44b1-b140-42566709e460","parentId":null,"text":{"caption":"Central Idea","font":{"style":"normal","weight":"bold","decoration":"none","size":20,"color":"#000000"}},"offset":{"x":0,"y":0},"foldChildren":false,"branchColor":"#000000","children":[]}},"dimensions":{"x":4000,"y":2000},"autosave":false,"canDelete":false,"canRestore":false}