{"id":"5f1d7cdc-08ac-4004-9f3f-eb2a2203de53","userId":0,"title":"Central Idea","dates":{"created":1473998165369,"modified":1473998166356},"mindmap":{"root":{"id":"d951e3d9-75d3-41ad-9be8-5a4e581b48a6","parentId":null,"text":{"caption":"Central Idea","font":{"style":"normal","weight":"bold","decoration":"none","size":20,"color":"#000000"}},"offset":{"x":0,"y":0},"foldChildren":false,"branchColor":"#000000","children":[]}},"dimensions":{"x":4000,"y":2000},"autosave":false,"canDelete":false,"canRestore":false}