{"id":"8323dee4-fc56-4384-9714-42a1798b4092","userId":0,"title":"Central Idea","dates":{"created":1473997742316,"modified":1473998162656},"mindmap":{"root":{"id":"70e8c4dc-16b1-4ca7-9d6d-c0b6e6611a5e","parentId":null,"text":{"caption":"Central Idea","font":{"style":"normal","weight":"bold","decoration":"none","size":20,"color":"#000000"}},"offset":{"x":0,"y":0},"foldChildren":false,"branchColor":"#000000","children":[]}},"dimensions":{"x":4000,"y":2000},"autosave":false,"canDelete":false,"canRestore":false}