{"id":"cd4bd866-50fc-4022-a666-7dfa3b2cf387","userId":0,"title":"Central Idea","dates":{"created":1473998168916,"modified":1473998172942},"mindmap":{"root":{"id":"fb21ba76-bf80-45d9-b7b8-244fb37e4eb0","parentId":null,"text":{"caption":"Central Idea","font":{"style":"normal","weight":"bold","decoration":"none","size":20,"color":"#000000"}},"offset":{"x":0,"y":0},"foldChildren":false,"branchColor":"#000000","children":[]}},"dimensions":{"x":4000,"y":2000},"autosave":false,"canDelete":false,"canRestore":false}